{
  "minecraft:husbandry/root": {
    "criteria": {
      "consumed_item": "2021-05-12 04:13:42 +0900"
    },
    "done": true
  },
  "minecraft:adventure/root": {
    "criteria": {
      "killed_something": "2021-04-07 03:54:54 +0900"
    },
    "done": true
  },
  "minecraft:recipes/redstone/redstone_lamp": {
    "criteria": {
      "has_glowstone": "2021-04-07 03:54:37 +0900"
    },
    "done": true
  },
  "minecraft:adventure/adventuring_time": {
    "criteria": {
      "plains": "2021-04-01 01:11:33 +0900"
    },
    "done": false
  }
}