{"stat.walkOneCm":11737,"stat.useItem.ppapdream.dream_flowers_pink_bottom":1,"stat.useItem.ppapdream.dream_flowers_pink_middle":2,"stat.leaveGame":4,"stat.useItem.ppapdream.dream_flowers_white_bottom":2,"stat.mobKills":2,"stat.useItem.ppapdream.dream_flowers_purple_middle":2,"stat.flyOneCm":43126,"stat.jump":19,"stat.useItem.ppapdream.dream_flowers_purple_bottom":1,"stat.killEntity.dream_dragon_fly":2,"stat.playOneMinute":6469,"stat.sneakTime":475,"stat.damageDealt":120,"stat.crouchOneCm":965,"stat.timeSinceDeath":6469,"stat.useItem.ppapdream.dream_flowers_white_middle":2,"stat.useItem.minecraft.stone_slab2":34,"stat.useItem.minecraft.spawn_egg":10}