{
  "minecraft:recipes/misc/gray_dye": {
    "criteria": {
      "has_black_dye": "2021-04-06 19:09:52 +0900"
    },
    "done": true
  },
  "minecraft:recipes/misc/magenta_dye_from_lapis_ink_bonemeal": {
    "criteria": {
      "has_black_dye": "2021-04-06 19:09:52 +0900"
    },
    "done": true
  },
  "minecraft:adventure/adventuring_time": {
    "criteria": {
      "plains": "2021-03-25 01:13:03 +0900"
    },
    "done": false
  },
  "minecraft:recipes/misc/light_gray_dye_from_ink_bonemeal": {
    "criteria": {
      "has_black_dye": "2021-04-06 19:09:52 +0900"
    },
    "done": true
  }
}