{"stat.walkOneCm":3281,"stat.killEntity.Chicken":1,"stat.leaveGame":5,"stat.useItem.minecraft.wooden_pickaxe":1,"stat.mobKills":3,"stat.flyOneCm":18396,"stat.jump":7,"stat.swimOneCm":1070,"stat.playOneMinute":2741,"stat.useItem.minecraft.stone_pickaxe":1,"stat.sneakTime":156,"stat.damageDealt":10,"stat.crouchOneCm":882,"stat.timeSinceDeath":2741,"stat.killEntity.Cow":1,"stat.useItem.minecraft.iron_pickaxe":1,"stat.sprintOneCm":2313,"stat.useItem.minecraft.spawn_egg":1,"stat.killEntity.Pig":1,"stat.diveOneCm":5861}