{
  "minecraft:recipes/tools/flint_and_steel": {
    "criteria": {
      "has_flint": "2021-05-19 23:27:24 +0900"
    },
    "done": true
  },
  "minecraft:recipes/combat/arrow": {
    "criteria": {
      "has_flint": "2021-05-19 23:27:24 +0900"
    },
    "done": true
  },
  "minecraft:adventure/root": {
    "criteria": {
      "killed_something": "2021-05-19 23:27:23 +0900"
    },
    "done": true
  },
  "minecraft:recipes/redstone/redstone_lamp": {
    "criteria": {
      "has_glowstone": "2021-04-07 04:12:27 +0900"
    },
    "done": true
  },
  "minecraft:adventure/adventuring_time": {
    "criteria": {
      "plains": "2021-03-04 03:44:38 +0900"
    },
    "done": false
  }
}