{"stat.walkOneCm":4689,"stat.pickup.ppapdream.unknownstone":2,"stat.leaveGame":3,"stat.useItem.minecraft.diamond_sword":15,"stat.pickup.minecraft.diamond_sword":1,"stat.jump":6,"stat.swimOneCm":528,"stat.crouchOneCm":109,"stat.sprintOneCm":2409,"stat.useItem.minecraft.stone_slab2":3,"stat.useItem.minecraft.wooden_pickaxe":1,"stat.mobKills":4,"stat.pickup.minecraft.dye":14,"stat.flyOneCm":21634,"stat.deaths":1,"stat.pickup.minecraft.water_bucket":1,"stat.playOneMinute":3957,"stat.useItem.minecraft.stone_pickaxe":1,"stat.sneakTime":139,"stat.damageDealt":369,"stat.timeSinceDeath":2653,"stat.useItem.minecraft.iron_pickaxe":1,"stat.useItem.minecraft.spawn_egg":2,"stat.diveOneCm":1751,"stat.mineBlock.ppapdream.dream_crystal":3}