{"stat.walkOneCm":20522,"stat.leaveGame":11,"stat.pickup.minecraft.flint":1,"stat.jump":33,"stat.swimOneCm":1070,"stat.crouchOneCm":1802,"stat.sprintOneCm":5231,"stat.useItem.minecraft.stone_slab2":32,"stat.killEntity.Chicken":1,"stat.useItem.minecraft.wooden_pickaxe":1,"stat.mobKills":3,"stat.flyOneCm":145046,"stat.deaths":1,"stat.playOneMinute":25256,"stat.useItem.minecraft.stone_pickaxe":1,"stat.sneakTime":705,"stat.damageDealt":10,"stat.timeSinceDeath":19012,"stat.killEntity.Cow":1,"stat.useItem.minecraft.iron_pickaxe":1,"stat.useItem.minecraft.spawn_egg":35,"stat.killEntity.Pig":1,"stat.diveOneCm":5861}