{"stat.walkOneCm":13276,"stat.leaveGame":10,"stat.mobKills":5,"stat.useItem.minecraft.diamond_sword":10,"stat.pickup.minecraft.dye":10,"stat.flyOneCm":11474,"stat.jump":30,"stat.swimOneCm":3667,"stat.playOneMinute":15560,"stat.sneakTime":423,"stat.damageDealt":528,"stat.crouchOneCm":1430,"stat.useItem.ppapdream.door_gray_hotel_west":1,"stat.timeSinceDeath":15560,"stat.useItem.ppapdream.door_gray_hotel_north":1,"stat.sprintOneCm":1758,"stat.useItem.minecraft.stone_slab2":114,"stat.useItem.minecraft.spawn_egg":44,"stat.diveOneCm":18761,"stat.useItem.minecraft.water_bucket":53}