{"stat.walkOneCm":5087,"stat.leaveGame":4,"stat.mobKills":11,"stat.killEntity.dream_fish_green":5,"stat.pickup.minecraft.dye":22,"stat.flyOneCm":12875,"stat.swimOneCm":182,"stat.jump":18,"stat.killEntity.dream_dragon_fly":1,"stat.playOneMinute":6203,"stat.sneakTime":274,"stat.damageDealt":40,"stat.killEntity.dream_fish_pink":5,"stat.crouchOneCm":720,"stat.timeSinceDeath":6203,"stat.sprintOneCm":1851,"stat.useItem.minecraft.stone_slab2":6,"stat.useItem.minecraft.spawn_egg":1,"stat.diveOneCm":7986}