{"stat.walkOneCm":11397,"stat.leaveGame":8,"stat.pickup.minecraft.flint":1,"stat.jump":30,"stat.swimOneCm":1070,"stat.crouchOneCm":1687,"stat.sprintOneCm":4907,"stat.useItem.minecraft.stone_slab2":26,"stat.killEntity.Chicken":1,"stat.useItem.minecraft.wooden_pickaxe":1,"stat.mobKills":3,"stat.flyOneCm":142337,"stat.deaths":1,"stat.playOneMinute":15518,"stat.useItem.minecraft.stone_pickaxe":1,"stat.sneakTime":651,"stat.damageDealt":10,"stat.timeSinceDeath":9274,"stat.killEntity.Cow":1,"stat.useItem.minecraft.iron_pickaxe":1,"stat.useItem.minecraft.spawn_egg":35,"stat.killEntity.Pig":1,"stat.diveOneCm":5861}