{"stat.flyOneCm":10911,"stat.mineBlock.ppapdream.dream_flowers_pink_bottom":1,"stat.walkOneCm":8171,"stat.jump":31,"stat.mineBlock.ppapdream.dream_flowers_pink_middle":1,"stat.playOneMinute":5366,"stat.fallOneCm":534,"stat.mineBlock.ppapdream.dream_flowers_purple_middle":1,"stat.leaveGame":6,"stat.sneakTime":150,"stat.pickup.minecraft.glowstone_dust":2,"stat.mineBlock.ppapdream.dream_flowers_white_bottom":1,"stat.crouchOneCm":488,"stat.timeSinceDeath":5366,"stat.sprintOneCm":7214,"stat.useItem.minecraft.stone_slab2":14,"stat.mineBlock.ppapdream.dream_flowers_white_middle":1,"stat.mineBlock.ppapdream.dream_flowers_purple_bottom":1,"stat.pickup.minecraft.rabbit_foot":6,"stat.mineBlock.ppapdream.dream_vine_bottom":2}