{"stat.walkOneCm":3060,"stat.pickup.ppapdream.unknownstone":2,"stat.leaveGame":2,"stat.useItem.minecraft.wooden_pickaxe":1,"stat.mobKills":4,"stat.useItem.minecraft.diamond_sword":15,"stat.pickup.minecraft.dye":14,"stat.flyOneCm":21334,"stat.deaths":1,"stat.pickup.minecraft.water_bucket":1,"stat.pickup.minecraft.diamond_sword":1,"stat.jump":5,"stat.swimOneCm":528,"stat.playOneMinute":2079,"stat.useItem.minecraft.stone_pickaxe":1,"stat.sneakTime":116,"stat.damageDealt":369,"stat.crouchOneCm":46,"stat.timeSinceDeath":775,"stat.sprintOneCm":2409,"stat.useItem.minecraft.iron_pickaxe":1,"stat.killEntity.test_entity":4,"stat.useItem.minecraft.spawn_egg":2,"stat.diveOneCm":1751,"stat.mineBlock.ppapdream.dream_crystal":3}