{"stat.walkOneCm":6337,"stat.leaveGame":8,"stat.useItem.minecraft.potion":1,"stat.jump":39,"stat.fallOneCm":209,"stat.crouchOneCm":333,"stat.sprintOneCm":4827,"stat.useItem.minecraft.stone_slab2":8,"stat.killEntity.Horse":1,"stat.pickup.minecraft.potion":1,"stat.damageTaken":60,"stat.mobKills":5,"stat.flyOneCm":19444,"stat.useItem.ppapdream.espresso":1,"stat.killEntity.dream_dragon_fly":1,"stat.playOneMinute":7123,"stat.killEntity.Sheep":1,"stat.sneakTime":141,"stat.damageDealt":40,"stat.timeSinceDeath":7123,"stat.useItem.minecraft.spawn_egg":2,"stat.killEntity.Pig":2}