{"stat.walkOneCm":4356,"stat.killEntity.Horse":1,"stat.leaveGame":4,"stat.furnaceInteraction":2,"stat.mobKills":2,"stat.flyOneCm":49987,"stat.jump":20,"stat.swimOneCm":215,"stat.playOneMinute":14746,"stat.pickup.minecraft.iron_ingot":1,"stat.killEntity.Sheep":1,"stat.sneakTime":159,"stat.craftItem.minecraft.stone_slab2":0,"stat.crouchOneCm":493,"stat.timeSinceDeath":14746,"stat.craftItem.minecraft.iron_ingot":3,"stat.sprintOneCm":4632,"stat.useItem.minecraft.stone_slab2":5,"stat.diveOneCm":583,"stat.pickup.minecraft.iron_ore":62}