{"stat.walkOneCm":3944,"stat.leaveGame":3,"stat.pickup.minecraft.wooden_pickaxe":1,"stat.useItem.minecraft.wooden_pickaxe":1,"stat.flyOneCm":1721,"stat.jump":6,"stat.swimOneCm":610,"stat.playOneMinute":2689,"stat.useItem.minecraft.stone_pickaxe":1,"stat.sneakTime":74,"stat.damageDealt":20,"stat.crouchOneCm":20,"stat.timeSinceDeath":2689,"stat.useItem.minecraft.iron_pickaxe":2,"stat.useItem.minecraft.stone_slab2":27,"stat.useItem.minecraft.spawn_egg":12,"stat.diveOneCm":1612,"stat.mineBlock.ppapdream.dream_crystal":4}