{"stat.walkOneCm":7879,"stat.pickup.minecraft.sign":616,"stat.pickup.minecraft.wooden_axe":2,"stat.leaveGame":6,"stat.pickup.minecraft.flint":1,"stat.drop.minecraft.spawn_egg":2,"stat.pickup.minecraft.spawn_egg":2,"stat.flyOneCm":40343,"stat.drop":4,"stat.jump":11,"stat.swimOneCm":756,"stat.playOneMinute":8514,"stat.sneakTime":364,"stat.damageDealt":10,"stat.crouchOneCm":626,"stat.timeSinceDeath":8514,"stat.sprintOneCm":26547,"stat.useItem.minecraft.stone_slab2":7,"stat.useItem.minecraft.spawn_egg":25,"stat.diveOneCm":8314,"stat.drop.minecraft.wooden_axe":2}