{"stat.walkOneCm":10485,"stat.leaveGame":9,"stat.mobKills":1,"stat.useItem.minecraft.diamond_sword":2,"stat.pickup.minecraft.spawn_egg":1,"stat.flyOneCm":85904,"stat.deaths":3,"stat.jump":18,"stat.swimOneCm":707,"stat.playOneMinute":14759,"stat.sneakTime":197,"stat.damageDealt":100,"stat.crouchOneCm":438,"stat.timeSinceDeath":14210,"stat.sprintOneCm":1149,"stat.useItem.minecraft.spawn_egg":1,"stat.useItem.minecraft.stone_slab2":66,"stat.useItem.ppapdream.transperant_light_full":26,"stat.diveOneCm":652}