{"stat.mineBlock.ppapdream.dream_flowers_pink_bottom":1,"stat.walkOneCm":9642,"stat.mineBlock.ppapdream.dream_flowers_pink_middle":1,"stat.leaveGame":11,"stat.mineBlock.ppapdream.dream_flowers_white_bottom":1,"stat.mineBlock.ppapdream.dream_flowers_white_middle":1,"stat.mineBlock.ppapdream.dream_flowers_purple_bottom":1,"stat.pickup.minecraft.rabbit_foot":6,"stat.flyOneCm":10911,"stat.jump":33,"stat.playOneMinute":10091,"stat.fallOneCm":534,"stat.mineBlock.ppapdream.dream_flowers_purple_middle":1,"stat.sneakTime":150,"stat.pickup.minecraft.glowstone_dust":2,"stat.crouchOneCm":488,"stat.timeSinceDeath":10091,"stat.sprintOneCm":7329,"stat.useItem.minecraft.stone_slab2":15,"stat.mineBlock.ppapdream.dream_vine_bottom":2}