{"stat.walkOneCm":2868,"stat.pickup.ppapdream.unknownstone":4,"stat.leaveGame":3,"stat.useItem.minecraft.wooden_pickaxe":1,"stat.flyOneCm":3305,"stat.jump":5,"stat.swimOneCm":1070,"stat.playOneMinute":1857,"stat.useItem.minecraft.stone_pickaxe":1,"stat.sneakTime":124,"stat.damageDealt":10,"stat.crouchOneCm":592,"stat.timeSinceDeath":1857,"stat.useItem.minecraft.iron_pickaxe":1,"stat.sprintOneCm":2313,"stat.useItem.minecraft.spawn_egg":1,"stat.diveOneCm":5861,"stat.mineBlock.ppapdream.dream_crystal":4}