{"stat.walkOneCm":11863,"stat.leaveGame":6,"stat.mobKills":5,"stat.killEntity.dream_fish_green":5,"stat.useItem.minecraft.diamond_sword":10,"stat.pickup.minecraft.dye":10,"stat.flyOneCm":11394,"stat.jump":29,"stat.swimOneCm":3667,"stat.playOneMinute":14518,"stat.sneakTime":413,"stat.damageDealt":528,"stat.crouchOneCm":1430,"stat.timeSinceDeath":14518,"stat.sprintOneCm":1297,"stat.useItem.minecraft.stone_slab2":107,"stat.useItem.minecraft.spawn_egg":44,"stat.diveOneCm":18761,"stat.useItem.minecraft.water_bucket":53}