{"stat.walkOneCm":5640,"stat.leaveGame":3,"stat.damageTaken":260,"stat.pickup.minecraft.dye":25,"stat.useItem.minecraft.diamond_sword":1,"stat.flyOneCm":12771,"stat.pickup.minecraft.water_bucket":1,"stat.deaths":2,"stat.swimOneCm":17882,"stat.jump":9,"stat.playOneMinute":8843,"stat.entityKilledBy.Slime":1,"stat.sneakTime":361,"stat.damageDealt":29,"stat.crouchOneCm":112,"stat.timeSinceDeath":1190,"stat.sprintOneCm":297,"stat.useItem.minecraft.stone_slab2":102,"stat.useItem.minecraft.spawn_egg":3,"stat.diveOneCm":13706,"stat.useItem.minecraft.water_bucket":117}