{
  "minecraft:recipes/building_blocks/prismarine": {
    "criteria": {
      "has_prismarine_shard": "2021-03-26 03:08:24 +0900"
    },
    "done": true
  },
  "minecraft:recipes/building_blocks/prismarine_bricks": {
    "criteria": {
      "has_prismarine_shard": "2021-03-26 03:08:24 +0900"
    },
    "done": true
  },
  "minecraft:adventure/adventuring_time": {
    "criteria": {
      "plains": "2021-03-26 03:07:36 +0900"
    },
    "done": false
  },
  "minecraft:recipes/building_blocks/dark_prismarine": {
    "criteria": {
      "has_prismarine_shard": "2021-03-26 03:08:24 +0900"
    },
    "done": true
  }
}