{"stat.walkOneCm":6575,"stat.killEntity.Horse":1,"stat.leaveGame":7,"stat.furnaceInteraction":2,"stat.mobKills":2,"stat.flyOneCm":75873,"stat.jump":25,"stat.swimOneCm":215,"stat.playOneMinute":21515,"stat.pickup.minecraft.iron_ingot":1,"stat.killEntity.Sheep":1,"stat.sneakTime":234,"stat.craftItem.minecraft.stone_slab2":0,"stat.damageDealt":60,"stat.crouchOneCm":531,"stat.timeSinceDeath":21515,"stat.craftItem.minecraft.iron_ingot":3,"stat.sprintOneCm":7981,"stat.useItem.minecraft.stone_slab2":5,"stat.useItem.minecraft.spawn_egg":22,"stat.diveOneCm":583,"stat.pickup.minecraft.iron_ore":62}