{"stat.walkOneCm":4992,"stat.killEntity.Horse":1,"stat.leaveGame":6,"stat.furnaceInteraction":2,"stat.mobKills":2,"stat.flyOneCm":49987,"stat.jump":20,"stat.swimOneCm":215,"stat.playOneMinute":15083,"stat.pickup.minecraft.iron_ingot":1,"stat.killEntity.Sheep":1,"stat.sneakTime":159,"stat.craftItem.minecraft.stone_slab2":0,"stat.crouchOneCm":493,"stat.timeSinceDeath":15083,"stat.craftItem.minecraft.iron_ingot":3,"stat.sprintOneCm":5065,"stat.useItem.minecraft.stone_slab2":5,"stat.diveOneCm":583,"stat.pickup.minecraft.iron_ore":62}