{"stat.walkOneCm":7345,"stat.leaveGame":6,"stat.damageTaken":260,"stat.pickup.minecraft.dye":25,"stat.useItem.minecraft.diamond_sword":1,"stat.flyOneCm":13096,"stat.pickup.minecraft.water_bucket":1,"stat.deaths":2,"stat.swimOneCm":17882,"stat.jump":10,"stat.playOneMinute":10179,"stat.entityKilledBy.Slime":1,"stat.sneakTime":361,"stat.damageDealt":29,"stat.crouchOneCm":112,"stat.timeSinceDeath":2526,"stat.sprintOneCm":803,"stat.useItem.minecraft.stone_slab2":102,"stat.useItem.minecraft.spawn_egg":3,"stat.diveOneCm":13706,"stat.useItem.minecraft.water_bucket":117}