{"stat.walkOneCm":3802,"stat.killEntity.Chicken":1,"stat.leaveGame":6,"stat.useItem.minecraft.wooden_pickaxe":1,"stat.mobKills":3,"stat.flyOneCm":18680,"stat.jump":8,"stat.swimOneCm":1070,"stat.playOneMinute":2903,"stat.useItem.minecraft.stone_pickaxe":1,"stat.sneakTime":168,"stat.damageDealt":10,"stat.crouchOneCm":882,"stat.timeSinceDeath":2903,"stat.killEntity.Cow":1,"stat.useItem.minecraft.iron_pickaxe":1,"stat.sprintOneCm":2313,"stat.useItem.minecraft.spawn_egg":1,"stat.killEntity.Pig":1,"stat.diveOneCm":5861}