{"stat.walkOneCm":7507,"stat.killEntity.Chicken":1,"stat.leaveGame":7,"stat.pickup.minecraft.flint":1,"stat.useItem.minecraft.wooden_pickaxe":1,"stat.mobKills":3,"stat.flyOneCm":139526,"stat.deaths":1,"stat.jump":25,"stat.swimOneCm":1070,"stat.playOneMinute":11785,"stat.useItem.minecraft.stone_pickaxe":1,"stat.sneakTime":625,"stat.damageDealt":10,"stat.crouchOneCm":1685,"stat.timeSinceDeath":5541,"stat.killEntity.Cow":1,"stat.useItem.minecraft.iron_pickaxe":1,"stat.sprintOneCm":3985,"stat.useItem.minecraft.spawn_egg":35,"stat.useItem.minecraft.stone_slab2":25,"stat.killEntity.Pig":1,"stat.diveOneCm":5861}