{"stat.walkOneCm":3503,"stat.leaveGame":5,"stat.furnaceInteraction":3,"stat.useItem.minecraft.furnace":1,"stat.craftItem.minecraft.blaze_rod":1,"stat.flyOneCm":4055,"stat.jump":9,"stat.playOneMinute":8524,"stat.pickup.minecraft.furnace":2,"stat.sneakTime":15,"stat.crouchOneCm":2,"stat.timeSinceDeath":8524,"stat.pickup.ppapdream.dream_flowers_white_bottom":1,"stat.useItem.ppapdream.dream_flowers_white_middle":2,"stat.sprintOneCm":712,"stat.useItem.minecraft.stone_slab2":1,"stat.craftingTableInteraction":1}