{"stat.useItem.ppapdream.dream_flowers_purple_middle":2,"stat.flyOneCm":11322,"stat.walkOneCm":4106,"stat.jump":5,"stat.useItem.ppapdream.dream_flowers_pink_bottom":1,"stat.useItem.ppapdream.dream_flowers_purple_bottom":1,"stat.playOneMinute":2177,"stat.useItem.ppapdream.dream_flowers_pink_middle":2,"stat.leaveGame":3,"stat.sneakTime":153,"stat.crouchOneCm":262,"stat.useItem.ppapdream.dream_flowers_white_bottom":2,"stat.timeSinceDeath":2177,"stat.useItem.ppapdream.dream_flowers_white_middle":2,"stat.useItem.minecraft.stone_slab2":29}