{"stat.chestOpened":1,"stat.walkOneCm":12715,"stat.useItem.ppapdream.dream_outer_leaves":1,"stat.useItem.ppapdream.lucydpatch":2,"stat.leaveGame":6,"stat.useItem.ppapdream.bakha_doll":1,"stat.useItem.ppapdream.penguin":1,"stat.useItem.ppapdream.door_red_opened":1,"stat.useItem.ppapdream.dream_flowers_purple_middle":1,"stat.jump":9,"stat.useItem.ppapdream.dream_vine_middle":1,"stat.crouchOneCm":335,"stat.useItem.ppapdream.door_black_hotel_west":1,"stat.useItem.ppapdream.dream_flowers_white_middle":1,"stat.useItem.ppapdream.dream_flower_2":1,"stat.useItem.minecraft.stone_slab2":34,"stat.useItem.ppapdream.dream_flower_0":1,"stat.useItem.ppapdream.transperant_light_full":1,"stat.useItem.ppapdream.dream_flower_1":1,"stat.useItem.ppapdream.abh_sister_photo":1,"stat.useItem.ppapdream.transperant_light_half":1,"stat.useItem.ppapdream.dream_flowers_pink_bottom":1,"stat.useItem.ppapdream.dream_flowers_pink_middle":2,"stat.useItem.ppapdream.dream_vine_top":1,"stat.useItem.ppapdream.lucydpatch_box":1,"stat.useItem.ppapdream.dream_vine_bottom":1,"stat.flyOneCm":9401,"stat.useItem.ppapdream.dream_flowers_purple_bottom":1,"stat.playOneMinute":32412,"stat.useItem.ppapdream.dream_grass_2":1,"stat.useItem.ppapdream.dream_grass_1":1,"stat.useItem.ppapdream.door_red_closed":2,"stat.sneakTime":101,"stat.useItem.ppapdream.heartmonitor":1,"stat.useItem.ppapdream.dream_moss_1":1,"stat.timeSinceDeath":32412}