{"stat.walkOneCm":8989,"stat.leaveGame":7,"stat.damageTaken":260,"stat.pickup.minecraft.dye":25,"stat.useItem.minecraft.diamond_sword":1,"stat.flyOneCm":13317,"stat.pickup.minecraft.water_bucket":1,"stat.deaths":2,"stat.swimOneCm":17882,"stat.jump":14,"stat.playOneMinute":11089,"stat.entityKilledBy.Slime":1,"stat.sneakTime":463,"stat.damageDealt":29,"stat.crouchOneCm":174,"stat.timeSinceDeath":3436,"stat.sprintOneCm":803,"stat.useItem.minecraft.stone_slab2":106,"stat.useItem.minecraft.spawn_egg":3,"stat.useItem.ppapdream.transperant_light_full":7,"stat.diveOneCm":13706,"stat.useItem.minecraft.water_bucket":117}