{"stat.walkOneCm":6514,"stat.leaveGame":6,"stat.furnaceInteraction":3,"stat.useItem.minecraft.furnace":1,"stat.craftItem.minecraft.blaze_rod":1,"stat.flyOneCm":5124,"stat.jump":13,"stat.playOneMinute":9352,"stat.pickup.minecraft.furnace":2,"stat.sneakTime":34,"stat.crouchOneCm":13,"stat.timeSinceDeath":9352,"stat.pickup.ppapdream.dream_flowers_white_bottom":1,"stat.useItem.ppapdream.dream_flowers_white_middle":2,"stat.sprintOneCm":712,"stat.useItem.minecraft.stone_slab2":1,"stat.craftingTableInteraction":1}